Region_splitted;Variable_NeW;Sector_OMNIA;Share
AU;DFINENPBG;AGR;0.0
AU;DFINENPCOMB;AGR;0.0
AU;DFINENPELEC;AGR;0.460712320477
AU;DFINENPGAS;AGR;0.499356307464
AU;DFINENPGEO;AGR;0.0
AU;DFINENPHEAT;AGR;0.0
AU;DFINENPLBF;AGR;0.0
AU;DFINENPMW;AGR;0.0
AU;DFINENPOIL;AGR;0.803168520168
AU;DFINENPSBM;AGR;0.0
AU;DFINENPSOLT;AGR;0.0
AU;DFINENPOIL;AVB;0.795398577234
AU;DFINENPOIL;AVD;0.896175468232
AU;DFINENPBG;ICH;0.0
AU;DFINENPCOMB;ICH;0.997702858304
AU;DFINENPELEC;ICH;0.904849746479
AU;DFINENPGAS;ICH;0.557601673356
AU;DFINENPHEAT;ICH;0.0
AU;DFINENPIW;ICH;1.0
AU;DFINENPLBF;ICH;0.0
AU;DFINENPMW;ICH;0.0
AU;DFINENPOIL;ICH;1.0
AU;DFINENPSBM;ICH;1.0
AU;DFINENPSOLT;ICH;0.0
AU;DFINENPBG;ICM;0.0
AU;DFINENPCOMB;ICM;0.0
AU;DFINENPELEC;ICM;0.855327651243
AU;DFINENPGAS;ICM;0.853288378967
AU;DFINENPHEAT;ICM;0.0
AU;DFINENPIW;ICM;0.0
AU;DFINENPLBF;ICM;0.0
AU;DFINENPOIL;ICM;0.801254382356
AU;DFINENPSBM;ICM;0.0
AU;DFINENPSOLT;ICM;0.0
AU;DFINENPCOMB;IIS;0.869715435589
AU;DFINENPELEC;IIS;0.724744432127
AU;DFINENPGAS;IIS;0.987954510488
AU;DFINENPHEAT;IIS;0.0
AU;DFINENPIW;IIS;0.0
AU;DFINENPLBF;IIS;0.0
AU;DFINENPMW;IIS;0.0
AU;DFINENPOIL;IIS;1.0
AU;DFINENPSBM;IIS;0.0
AU;DFINENPSOLT;IIS;0.0
AU;DFINENPBG;INF;0.0
AU;DFINENPCOMB;INF;1.0
AU;DFINENPELEC;INF;0.859952252159
AU;DFINENPGAS;INF;0.979158895874
AU;DFINENPHEAT;INF;0.0
AU;DFINENPIW;INF;0.0
AU;DFINENPLBF;INF;0.0
AU;DFINENPOIL;INF;1.0
AU;DFINENPSBM;INF;1.0
AU;DFINENPSOLT;INF;0.0
AU;DFINENPBG;INM;1.0
AU;DFINENPCOMB;INM;0.814023475663
AU;DFINENPELEC;INM;0.920929260781
AU;DFINENPGAS;INM;0.960140104573
AU;DFINENPHEAT;INM;0.0
AU;DFINENPIW;INM;0.0
AU;DFINENPLBF;INM;0.0
AU;DFINENPMW;INM;0.0
AU;DFINENPOIL;INM;1.0
AU;DFINENPSBM;INM;1.0
AU;DFINENPSOLT;INM;0.0
AU;DFINENPBG;IOI;0.94880829903
AU;DFINENPCOMB;IOI;0.51989888187
AU;DFINENPELEC;IOI;0.836097039809
AU;DFINENPGAS;IOI;0.674227757472
AU;DFINENPGEO;IOI;0.0
AU;DFINENPHEAT;IOI;0.0
AU;DFINENPIW;IOI;1.0
AU;DFINENPLBF;IOI;0.0
AU;DFINENPMW;IOI;0.0
AU;DFINENPOIL;IOI;0.902959616167
AU;DFINENPSBM;IOI;0.83812027863
AU;DFINENPSOLT;IOI;0.0
AU;DFINENPGAS;NAB;0.0
AU;DFINENPLBF;NAB;0.0
AU;DFINENPOIL;NAB;0.700759550865
AU;DFINENPGAS;NAD;0.0
AU;DFINENPLBF;NAD;0.0
AU;DFINENPOIL;NAD;0.869603252116
AU;DFINENPCOMB;OTH;0.0
AU;DFINENPELEC;OTH;0.0
AU;DFINENPGAS;OTH;0.0
AU;DFINENPHEAT;OTH;0.0
AU;DFINENPLBF;OTH;0.0
AU;DFINENPOIL;OTH;1.0
AU;DFINENPSBM;OTH;1.0
AU;DFINENPSOLT;OTH;0.0
AU;DFINENPBG;OTH OwnUses;0.0
AU;DFINENPCOMB;OTH OwnUses;0.914141392663
AU;DFINENPELEC;OTH OwnUses;0.968744790575
AU;DFINENPGAS;OTH OwnUses;0.975307777033
AU;DFINENPHEAT;OTH OwnUses;0.0
AU;DFINENPIW;OTH OwnUses;0.0
AU;DFINENPLBF;OTH OwnUses;0.0
AU;DFINENPMW;OTH OwnUses;0.0
AU;DFINENPOIL;OTH OwnUses;0.929537260694
AU;DFINENPSBM;OTH OwnUses;0.0
AU;DFINENPBG;OTH_TR;0.0
AU;DFINENPELEC;OTH_TR;1.0
AU;DFINENPGAS;OTH_TR;1.0
AU;DFINENPLBF;OTH_TR;0.0
AU;DFINENPOIL;OTH_TR;1.0
AU;DFINENPBG;PWR OwnUses;0.0
AU;DFINENPCOMB;PWR OwnUses;0.0
AU;DFINENPELEC;PWR OwnUses;0.900599123328
AU;DFINENPGAS;PWR OwnUses;0.0
AU;DFINENPHEAT;PWR OwnUses;0.0
AU;DFINENPLBF;PWR OwnUses;0.0
AU;DFINENPMW;PWR OwnUses;0.0
AU;DFINENPOIL;PWR OwnUses;1.0
AU;DFINENPSBM;PWR OwnUses;0.0
AU;DFINENPELEC;Pipeline;1.0
AU;DFINENPGAS;Pipeline;1.0
AU;DFINENPCOMB;RAI;0.0
AU;DFINENPELEC;RAI;0.977719229219
AU;DFINENPLBF;RAI;0.0
AU;DFINENPOIL;RAI;1.0
AU;DFINENPBG;RES;0.0
AU;DFINENPCOMB;RES;0.0786116020024
AU;DFINENPELEC;RES;0.827203847528
AU;DFINENPGAS;RES;0.958514773618
AU;DFINENPGEO;RES;0.0
AU;DFINENPHEAT;RES;0.0
AU;DFINENPLBF;RES;0.0
AU;DFINENPOIL;RES;0.766676491675
AU;DFINENPSBM;RES;0.466066568433
AU;DFINENPSOLT;RES;0.97919474162
AU;DFINENPBG;ROA;0.0
AU;DFINENPELEC;ROA;0.402547834675
AU;DFINENPGAS;ROA;1.0
AU;DFINENPLBF;ROA;0.970037930831
AU;DFINENPOIL;ROA;0.853178691635
AU;DFINENPBG;SRV;0.650297619048
AU;DFINENPCOMB;SRV;0.453287562521
AU;DFINENPELEC;SRV;0.879421397764
AU;DFINENPGAS;SRV;0.842999831984
AU;DFINENPGEO;SRV;0.0
AU;DFINENPHEAT;SRV;0.0
AU;DFINENPIW;SRV;0.0
AU;DFINENPLBF;SRV;0.0
AU;DFINENPMW;SRV;0.0
AU;DFINENPOIL;SRV;0.735168732067
AU;DFINENPSBM;SRV;1.0
AU;DFINENPSOLT;SRV;1.0
AU;DINTENPCOMB;Blast furnace;0.770349196091
AU;DINTENPOIL;Blast furnace;0.0
AU;DINTENPSBM;Blast furnace;0.0
AU;DINTENPCOMB;Coke oven;0.860807823513
AU;DINTENPGAS;Coke oven;0.0
AU;DINTENPOIL;Coke oven;0.0
AU;DINTENPBG;HEAT;0.0
AU;DINTENPCOMB;HEAT;0.0
AU;DINTENPGAS;HEAT;0.0
AU;DINTENPGEO;HEAT;0.0
AU;DINTENPHEAT;HEAT;0.0
AU;DINTENPIW;HEAT;0.0
AU;DINTENPLBF;HEAT;0.0
AU;DINTENPMW;HEAT;0.0
AU;DINTENPOIL;HEAT;0.0
AU;DINTENPSBM;HEAT;0.0
AU;DINTENPSOLT;HEAT;0.0
AU;DINTENPBG;Other;0.0
AU;DINTENPCOMB;Other;0.0
AU;DINTENPGAS;Other;1.0
AU;DINTENPLBF;Other;0.0
AU;DINTENPOIL;Other;0.92453275922
AU;DINTENPSBM;Other;0.0
AU;DINTENPBG;PG;0.828745970484
AU;DINTENPCOMB;PG;0.985819464165
AU;DINTENPGAS;PG;0.919680784452
AU;DINTENPGEO;PG;0.0
AU;DINTENPHEAT;PG;0.0
AU;DINTENPIW;PG;0.0
AU;DINTENPLBF;PG;0.0
AU;DINTENPMW;PG;0.0
AU;DINTENPOIL;PG;0.999148859795
AU;DINTENPSBM;PG;0.638173024121
AU;DINTENPSOLT;PG;1.0
AU;DINTENPOIL;Refineries;0.801343930241
AU;DNONENPCOMB;Non energy;0.0
AU;DNONENPGAS;Non energy;0.499289389247
AU;DNONENPOIL;Non energy;0.917394150371
AU;DSTOCKPBG;BG;0.0
AU;DSTOCKPCOMB;COMB;1.12511623885
AU;DSTOCKPGAS;GAS;1.04955974865
AU;DSTOCKPIW;IW;0.0
AU;DSTOCKPLBF;LBF;0.0
AU;DSTOCKPMW;MW;0.0
AU;DSTOCKPOIL;OIL;1.88604787567
AU;DSTOCKPSBM;SBM;0.0
AU;EXPPBG;BG;0.0
AU;EXPPCOMB;COMB;0.996076018994
AU;EXPPELEC;ELEC;0.0
AU;EXPPGAS;GAS;1.0
AU;EXPPLBF;LBF;0.0
AU;EXPPMW;MW;0.0
AU;EXPPOIL;OIL;0.925353922174
AU;EXPPSBM;SBM;0.0
AU;IMPPBG;BG;0.0
AU;IMPPCOMB;COMB;0.39953890715
AU;IMPPELEC;ELEC;0.0
AU;IMPPGAS;GAS;1.0
AU;IMPPHEAT;HEAT;0.0
AU;IMPPIW;IW;0.0
AU;IMPPLBF;LBF;0.0
AU;IMPPMW;MW;0.0
AU;IMPPOIL;OIL;0.853716250483
AU;IMPPSBM;SBM;0.0
AU;PRODPBG;Production;0.829476247611
AU;PRODPCOMB;Production;0.992067265384
AU;PRODPGAS;Production;0.967308767683
AU;PRODPGEO;Production;0.0
AU;PRODPHYD;Production;0.384162949186
AU;PRODPIW;Production;1.0
AU;PRODPLBF;Production;0.972180291541
AU;PRODPMW;Production;0.0
AU;PRODPNUC;Production;0.0
AU;PRODPOIL;Production;0.851585318804
AU;PRODPOTH_URN;Production;0.0
AU;PRODPPV;Production;0.991450572193
AU;PRODPSBM;Production;0.811407841547
AU;PRODPTID;Production;0.0
AU;PRODPWD;Production;0.887044018958
ID;DFINENPBG;AGR;0.0
ID;DFINENPCOMB;AGR;0.0
ID;DFINENPELEC;AGR;0.0595228485457
ID;DFINENPGAS;AGR;0.0
ID;DFINENPGEO;AGR;0.0
ID;DFINENPHEAT;AGR;0.0
ID;DFINENPLBF;AGR;0.0
ID;DFINENPMW;AGR;0.0
ID;DFINENPOIL;AGR;0.12664195304
ID;DFINENPSBM;AGR;0.0
ID;DFINENPSOLT;AGR;0.0
ID;DFINENPOIL;AVB;0.239008038839
ID;DFINENPOIL;AVD;0.651992882889
ID;DFINENPBG;ICH;0.0
ID;DFINENPCOMB;ICH;0.537059728378
ID;DFINENPELEC;ICH;0.755344343544
ID;DFINENPGAS;ICH;0.679019307109
ID;DFINENPHEAT;ICH;0.0
ID;DFINENPIW;ICH;0.0
ID;DFINENPLBF;ICH;0.0
ID;DFINENPMW;ICH;0.0
ID;DFINENPOIL;ICH;0.382428132178
ID;DFINENPSBM;ICH;1.0
ID;DFINENPSOLT;ICH;0.0
ID;DFINENPBG;ICM;0.0
ID;DFINENPCOMB;ICM;0.0
ID;DFINENPELEC;ICM;0.0
ID;DFINENPGAS;ICM;0.0
ID;DFINENPHEAT;ICM;0.0
ID;DFINENPIW;ICM;0.0
ID;DFINENPLBF;ICM;0.0
ID;DFINENPOIL;ICM;0.0
ID;DFINENPSBM;ICM;0.0
ID;DFINENPSOLT;ICM;0.0
ID;DFINENPCOMB;IIS;0.108554363441
ID;DFINENPELEC;IIS;0.430180533069
ID;DFINENPGAS;IIS;1.0
ID;DFINENPHEAT;IIS;0.0
ID;DFINENPIW;IIS;0.0
ID;DFINENPLBF;IIS;0.0
ID;DFINENPMW;IIS;0.0
ID;DFINENPOIL;IIS;0.418798740339
ID;DFINENPSBM;IIS;0.0
ID;DFINENPSOLT;IIS;0.0
ID;DFINENPBG;INF;0.0
ID;DFINENPCOMB;INF;0.0
ID;DFINENPELEC;INF;0.0
ID;DFINENPGAS;INF;0.0
ID;DFINENPHEAT;INF;0.0
ID;DFINENPIW;INF;0.0
ID;DFINENPLBF;INF;0.0
ID;DFINENPOIL;INF;0.0
ID;DFINENPSBM;INF;0.0
ID;DFINENPSOLT;INF;0.0
ID;DFINENPBG;INM;0.0
ID;DFINENPCOMB;INM;0.0
ID;DFINENPELEC;INM;0.0
ID;DFINENPGAS;INM;0.0
ID;DFINENPHEAT;INM;0.0
ID;DFINENPIW;INM;0.0
ID;DFINENPLBF;INM;0.0
ID;DFINENPMW;INM;0.0
ID;DFINENPOIL;INM;0.0
ID;DFINENPSBM;INM;0.0
ID;DFINENPSOLT;INM;0.0
ID;DFINENPBG;IOI;0.0
ID;DFINENPCOMB;IOI;0.625881924123
ID;DFINENPELEC;IOI;0.383040071091
ID;DFINENPGAS;IOI;0.99148442555
ID;DFINENPGEO;IOI;0.0
ID;DFINENPHEAT;IOI;0.0
ID;DFINENPIW;IOI;0.0
ID;DFINENPLBF;IOI;0.97668897043
ID;DFINENPMW;IOI;0.0
ID;DFINENPOIL;IOI;0.736165363526
ID;DFINENPSBM;IOI;0.751329009044
ID;DFINENPSOLT;IOI;0.0
ID;DFINENPGAS;NAB;0.0
ID;DFINENPLBF;NAB;0.0
ID;DFINENPOIL;NAB;0.49182738727
ID;DFINENPGAS;NAD;0.0
ID;DFINENPLBF;NAD;0.0
ID;DFINENPOIL;NAD;0.502976741742
ID;DFINENPCOMB;OTH;1.0
ID;DFINENPELEC;OTH;0.0
ID;DFINENPGAS;OTH;0.0
ID;DFINENPHEAT;OTH;0.0
ID;DFINENPLBF;OTH;1.0
ID;DFINENPOIL;OTH;0.0
ID;DFINENPSBM;OTH;1.0
ID;DFINENPSOLT;OTH;0.0
ID;DFINENPBG;OTH OwnUses;0.0
ID;DFINENPCOMB;OTH OwnUses;1.0
ID;DFINENPELEC;OTH OwnUses;0.0
ID;DFINENPGAS;OTH OwnUses;0.9669421114
ID;DFINENPHEAT;OTH OwnUses;0.0
ID;DFINENPIW;OTH OwnUses;0.0
ID;DFINENPLBF;OTH OwnUses;0.0
ID;DFINENPMW;OTH OwnUses;0.0
ID;DFINENPOIL;OTH OwnUses;0.828215699132
ID;DFINENPSBM;OTH OwnUses;0.0
ID;DFINENPBG;OTH_TR;0.0
ID;DFINENPELEC;OTH_TR;0.0
ID;DFINENPGAS;OTH_TR;0.0
ID;DFINENPLBF;OTH_TR;0.0
ID;DFINENPOIL;OTH_TR;0.0
ID;DFINENPBG;PWR OwnUses;0.0
ID;DFINENPCOMB;PWR OwnUses;0.0
ID;DFINENPELEC;PWR OwnUses;0.365013757246
ID;DFINENPGAS;PWR OwnUses;0.0
ID;DFINENPHEAT;PWR OwnUses;0.0
ID;DFINENPLBF;PWR OwnUses;0.0
ID;DFINENPMW;PWR OwnUses;0.0
ID;DFINENPOIL;PWR OwnUses;0.0
ID;DFINENPSBM;PWR OwnUses;0.0
ID;DFINENPELEC;Pipeline;0.0
ID;DFINENPGAS;Pipeline;0.0
ID;DFINENPCOMB;RAI;0.0
ID;DFINENPELEC;RAI;0.723581467985
ID;DFINENPLBF;RAI;0.0
ID;DFINENPOIL;RAI;0.798172037235
ID;DFINENPBG;RES;1.0
ID;DFINENPCOMB;RES;0.0
ID;DFINENPELEC;RES;0.513750865234
ID;DFINENPGAS;RES;1.0
ID;DFINENPGEO;RES;0.0
ID;DFINENPHEAT;RES;0.0
ID;DFINENPLBF;RES;0.0
ID;DFINENPOIL;RES;0.911905234637
ID;DFINENPSBM;RES;0.667933519944
ID;DFINENPSOLT;RES;0.0
ID;DFINENPBG;ROA;0.0
ID;DFINENPELEC;ROA;0.0
ID;DFINENPGAS;ROA;1.0
ID;DFINENPLBF;ROA;0.837450343009
ID;DFINENPOIL;ROA;0.439994923654
ID;DFINENPBG;SRV;0.0
ID;DFINENPCOMB;SRV;0.0
ID;DFINENPELEC;SRV;0.585494381191
ID;DFINENPGAS;SRV;1.0
ID;DFINENPGEO;SRV;0.0
ID;DFINENPHEAT;SRV;0.0
ID;DFINENPIW;SRV;0.0
ID;DFINENPLBF;SRV;0.595374398901
ID;DFINENPMW;SRV;0.0
ID;DFINENPOIL;SRV;0.257698204879
ID;DFINENPSBM;SRV;0.729288090182
ID;DFINENPSOLT;SRV;0.0
ID;DINTENPCOMB;Blast furnace;0.0
ID;DINTENPOIL;Blast furnace;0.0
ID;DINTENPSBM;Blast furnace;0.0
ID;DINTENPCOMB;Coke oven;0.0881774983578
ID;DINTENPGAS;Coke oven;0.0
ID;DINTENPOIL;Coke oven;0.0
ID;DINTENPBG;HEAT;0.0
ID;DINTENPCOMB;HEAT;0.0
ID;DINTENPGAS;HEAT;0.0
ID;DINTENPGEO;HEAT;0.0
ID;DINTENPHEAT;HEAT;0.0
ID;DINTENPIW;HEAT;0.0
ID;DINTENPLBF;HEAT;0.0
ID;DINTENPMW;HEAT;0.0
ID;DINTENPOIL;HEAT;0.0
ID;DINTENPSBM;HEAT;0.0
ID;DINTENPSOLT;HEAT;0.0
ID;DINTENPBG;Other;0.0
ID;DINTENPCOMB;Other;1.0
ID;DINTENPGAS;Other;0.0
ID;DINTENPLBF;Other;0.0
ID;DINTENPOIL;Other;0.744611365121
ID;DINTENPSBM;Other;0.378563356937
ID;DINTENPBG;PG;0.0
ID;DINTENPCOMB;PG;0.560281132527
ID;DINTENPGAS;PG;0.54173761115
ID;DINTENPGEO;PG;0.542396430531
ID;DINTENPHEAT;PG;0.0
ID;DINTENPIW;PG;0.0
ID;DINTENPLBF;PG;0.97800655124
ID;DINTENPMW;PG;0.0
ID;DINTENPOIL;PG;0.711731176331
ID;DINTENPSBM;PG;0.0
ID;DINTENPSOLT;PG;0.0
ID;DINTENPOIL;Refineries;0.685843189959
ID;DNONENPCOMB;Non energy;0.733448991135
ID;DNONENPGAS;Non energy;0.905750083549
ID;DNONENPOIL;Non energy;0.510648858284
ID;DSTOCKPBG;BG;0.0
ID;DSTOCKPCOMB;COMB;1.27666363839
ID;DSTOCKPGAS;GAS;0.0
ID;DSTOCKPIW;IW;0.0
ID;DSTOCKPLBF;LBF;1.25377059632
ID;DSTOCKPMW;MW;0.0
ID;DSTOCKPOIL;OIL;1.06293922468
ID;DSTOCKPSBM;SBM;0.0
ID;EXPPBG;BG;0.0
ID;EXPPCOMB;COMB;0.97847618007
ID;EXPPELEC;ELEC;0.0
ID;EXPPGAS;GAS;1.0
ID;EXPPLBF;LBF;0.997496596118
ID;EXPPMW;MW;0.0
ID;EXPPOIL;OIL;0.37913469551
ID;EXPPSBM;SBM;1.0
ID;IMPPBG;BG;0.0
ID;IMPPCOMB;COMB;0.111030715079
ID;IMPPELEC;ELEC;0.0
ID;IMPPGAS;GAS;0.0
ID;IMPPHEAT;HEAT;0.0
ID;IMPPIW;IW;0.0
ID;IMPPLBF;LBF;0.0
ID;IMPPMW;MW;0.0
ID;IMPPOIL;OIL;0.490638458401
ID;IMPPSBM;SBM;1.0
ID;PRODPBG;Production;1.0
ID;PRODPCOMB;Production;0.907996194785
ID;PRODPGAS;Production;0.810149883575
ID;PRODPGEO;Production;0.542396430531
ID;PRODPHYD;Production;0.179928912116
ID;PRODPIW;Production;0.0
ID;PRODPLBF;Production;0.920707454591
ID;PRODPMW;Production;0.0
ID;PRODPNUC;Production;0.0
ID;PRODPOIL;Production;0.714648318
ID;PRODPOTH_URN;Production;0.0
ID;PRODPPV;Production;0.00152193847912
ID;PRODPSBM;Production;0.646858654881
ID;PRODPTID;Production;0.0
ID;PRODPWD;Production;0.0
UK;DFINENPBG;AGR;0.330815732345
UK;DFINENPCOMB;AGR;0.0
UK;DFINENPELEC;AGR;0.542515693621
UK;DFINENPGAS;AGR;0.856005566335
UK;DFINENPGEO;AGR;0.0
UK;DFINENPHEAT;AGR;0.0682761721636
UK;DFINENPLBF;AGR;0.0
UK;DFINENPMW;AGR;0.0
UK;DFINENPOIL;AGR;0.617920988057
UK;DFINENPSBM;AGR;0.880271428467
UK;DFINENPSOLT;AGR;0.0
UK;DFINENPOIL;AVB;0.811749005796
UK;DFINENPOIL;AVD;0.67526555492
UK;DFINENPBG;ICH;0.407629020194
UK;DFINENPCOMB;ICH;0.165283712771
UK;DFINENPELEC;ICH;0.604038458097
UK;DFINENPGAS;ICH;0.812469109642
UK;DFINENPHEAT;ICH;0.773212243515
UK;DFINENPIW;ICH;0.0
UK;DFINENPLBF;ICH;0.0
UK;DFINENPMW;ICH;1.0
UK;DFINENPOIL;ICH;0.266623731046
UK;DFINENPSBM;ICH;0.248609562073
UK;DFINENPSOLT;ICH;0.0
UK;DFINENPBG;ICM;0.0
UK;DFINENPCOMB;ICM;1.0
UK;DFINENPELEC;ICM;0.418438778009
UK;DFINENPGAS;ICM;0.941029399289
UK;DFINENPHEAT;ICM;0.0
UK;DFINENPIW;ICM;0.0
UK;DFINENPLBF;ICM;0.0
UK;DFINENPOIL;ICM;0.389371471006
UK;DFINENPSBM;ICM;0.0
UK;DFINENPSOLT;ICM;0.0
UK;DFINENPCOMB;IIS;0.720010295126
UK;DFINENPELEC;IIS;0.25091288643
UK;DFINENPGAS;IIS;0.799092778251
UK;DFINENPHEAT;IIS;0.0
UK;DFINENPIW;IIS;0.0
UK;DFINENPLBF;IIS;0.0
UK;DFINENPMW;IIS;1.0
UK;DFINENPOIL;IIS;0.29143489928
UK;DFINENPSBM;IIS;0.0
UK;DFINENPSOLT;IIS;0.0
UK;DFINENPBG;INF;0.0
UK;DFINENPCOMB;INF;1.0
UK;DFINENPELEC;INF;0.104526433924
UK;DFINENPGAS;INF;0.715645488437
UK;DFINENPHEAT;INF;0.0
UK;DFINENPIW;INF;0.0
UK;DFINENPLBF;INF;0.0
UK;DFINENPOIL;INF;0.224007735039
UK;DFINENPSBM;INF;0.0
UK;DFINENPSOLT;INF;0.0
UK;DFINENPBG;INM;1.0
UK;DFINENPCOMB;INM;0.738561809421
UK;DFINENPELEC;INM;0.73418213364
UK;DFINENPGAS;INM;0.883980012515
UK;DFINENPHEAT;INM;0.0
UK;DFINENPIW;INM;0.0
UK;DFINENPLBF;INM;0.0
UK;DFINENPMW;INM;0.785679199948
UK;DFINENPOIL;INM;0.702329640844
UK;DFINENPSBM;INM;0.952296820167
UK;DFINENPSOLT;INM;0.0
UK;DFINENPBG;IOI;0.930240674202
UK;DFINENPCOMB;IOI;0.996897825185
UK;DFINENPELEC;IOI;0.747552001525
UK;DFINENPGAS;IOI;0.886079210274
UK;DFINENPGEO;IOI;0.0
UK;DFINENPHEAT;IOI;0.754555373574
UK;DFINENPIW;IOI;0.382451414658
UK;DFINENPLBF;IOI;0.928872862169
UK;DFINENPMW;IOI;0.768116003776
UK;DFINENPOIL;IOI;0.847689927205
UK;DFINENPSBM;IOI;0.684380650536
UK;DFINENPSOLT;IOI;0.0
UK;DFINENPGAS;NAB;0.0
UK;DFINENPLBF;NAB;0.0
UK;DFINENPOIL;NAB;0.337910912228
UK;DFINENPGAS;NAD;0.0
UK;DFINENPLBF;NAD;0.0
UK;DFINENPOIL;NAD;0.423161980909
UK;DFINENPCOMB;OTH;1.0
UK;DFINENPELEC;OTH;0.0
UK;DFINENPGAS;OTH;0.993808135168
UK;DFINENPHEAT;OTH;0.0
UK;DFINENPLBF;OTH;0.0
UK;DFINENPOIL;OTH;0.656539293524
UK;DFINENPSBM;OTH;0.0
UK;DFINENPSOLT;OTH;0.0
UK;DFINENPBG;OTH OwnUses;0.0
UK;DFINENPCOMB;OTH OwnUses;1.0
UK;DFINENPELEC;OTH OwnUses;0.430461705266
UK;DFINENPGAS;OTH OwnUses;0.532553286551
UK;DFINENPHEAT;OTH OwnUses;1.0
UK;DFINENPIW;OTH OwnUses;0.0
UK;DFINENPLBF;OTH OwnUses;0.0
UK;DFINENPMW;OTH OwnUses;0.0
UK;DFINENPOIL;OTH OwnUses;0.794784958901
UK;DFINENPSBM;OTH OwnUses;0.0
UK;DFINENPBG;OTH_TR;0.0
UK;DFINENPELEC;OTH_TR;0.0
UK;DFINENPGAS;OTH_TR;0.0
UK;DFINENPLBF;OTH_TR;0.0
UK;DFINENPOIL;OTH_TR;0.0
UK;DFINENPBG;PWR OwnUses;0.0
UK;DFINENPCOMB;PWR OwnUses;0.0
UK;DFINENPELEC;PWR OwnUses;0.632649783637
UK;DFINENPGAS;PWR OwnUses;0.0
UK;DFINENPHEAT;PWR OwnUses;0.0
UK;DFINENPLBF;PWR OwnUses;0.0
UK;DFINENPMW;PWR OwnUses;0.0
UK;DFINENPOIL;PWR OwnUses;0.0
UK;DFINENPSBM;PWR OwnUses;0.0
UK;DFINENPELEC;Pipeline;0.0
UK;DFINENPGAS;Pipeline;0.0
UK;DFINENPCOMB;RAI;1.0
UK;DFINENPELEC;RAI;0.59455556637
UK;DFINENPLBF;RAI;0.0
UK;DFINENPOIL;RAI;0.960776390568
UK;DFINENPBG;RES;0.0
UK;DFINENPCOMB;RES;0.994724310834
UK;DFINENPELEC;RES;0.634574263613
UK;DFINENPGAS;RES;0.951544522429
UK;DFINENPGEO;RES;0.0332681017613
UK;DFINENPHEAT;RES;0.266515918945
UK;DFINENPLBF;RES;0.0
UK;DFINENPOIL;RES;0.590042474666
UK;DFINENPSBM;RES;0.43988739296
UK;DFINENPSOLT;RES;0.378310104958
UK;DFINENPBG;ROA;0.435198311958
UK;DFINENPELEC;ROA;0.46336948516
UK;DFINENPGAS;ROA;0.636398433087
UK;DFINENPLBF;ROA;0.726866386224
UK;DFINENPOIL;ROA;0.808679167793
UK;DFINENPBG;SRV;0.0129607296372
UK;DFINENPCOMB;SRV;0.993848782625
UK;DFINENPELEC;SRV;0.669246656849
UK;DFINENPGAS;SRV;0.845883063719
UK;DFINENPGEO;SRV;0.0611510791367
UK;DFINENPHEAT;SRV;0.266338437974
UK;DFINENPIW;SRV;0.0
UK;DFINENPLBF;SRV;0.0
UK;DFINENPMW;SRV;0.289932986528
UK;DFINENPOIL;SRV;0.686516708086
UK;DFINENPSBM;SRV;0.452431612495
UK;DFINENPSOLT;SRV;0.334302179401
UK;DINTENPCOMB;Blast furnace;0.899435974478
UK;DINTENPOIL;Blast furnace;0.0
UK;DINTENPSBM;Blast furnace;0.0
UK;DINTENPCOMB;Coke oven;1.0
UK;DINTENPGAS;Coke oven;1.0
UK;DINTENPOIL;Coke oven;0.0
UK;DINTENPBG;HEAT;0.0
UK;DINTENPCOMB;HEAT;0.238999867326
UK;DINTENPGAS;HEAT;0.952503928851
UK;DINTENPGEO;HEAT;0.0
UK;DINTENPHEAT;HEAT;0.0
UK;DINTENPIW;HEAT;0.0578264031663
UK;DINTENPLBF;HEAT;0.0
UK;DINTENPMW;HEAT;0.0351898057741
UK;DINTENPOIL;HEAT;0.586281828345
UK;DINTENPSBM;HEAT;0.348269150321
UK;DINTENPSOLT;HEAT;0.0
UK;DINTENPBG;Other;0.935688136935
UK;DINTENPCOMB;Other;1.0
UK;DINTENPGAS;Other;0.0
UK;DINTENPLBF;Other;0.0
UK;DINTENPOIL;Other;0.227653717812
UK;DINTENPSBM;Other;0.0
UK;DINTENPBG;PG;0.965883293321
UK;DINTENPCOMB;PG;0.991815177171
UK;DINTENPGAS;PG;0.982088353554
UK;DINTENPGEO;PG;0.0
UK;DINTENPHEAT;PG;0.0
UK;DINTENPIW;PG;0.860406677586
UK;DINTENPLBF;PG;0.999540343826
UK;DINTENPMW;PG;0.826708142684
UK;DINTENPOIL;PG;0.715106012607
UK;DINTENPSBM;PG;0.99028954653
UK;DINTENPSOLT;PG;0.0
UK;DINTENPOIL;Refineries;0.758790703819
UK;DNONENPCOMB;Non energy;0.188475843675
UK;DNONENPGAS;Non energy;0.409040142931
UK;DNONENPOIL;Non energy;0.730321336292
UK;DSTOCKPBG;BG;0.0
UK;DSTOCKPCOMB;COMB;0.859071886181
UK;DSTOCKPGAS;GAS;0.709882475796
UK;DSTOCKPIW;IW;0.0
UK;DSTOCKPLBF;LBF;0.198275935924
UK;DSTOCKPMW;MW;0.0
UK;DSTOCKPOIL;OIL;-0.947674606774
UK;DSTOCKPSBM;SBM;0.0
UK;EXPPBG;BG;0.0
UK;EXPPCOMB;COMB;0.900639482182
UK;EXPPELEC;ELEC;0.0657826483886
UK;EXPPGAS;GAS;0.0689525413205
UK;EXPPLBF;LBF;0.710588056672
UK;EXPPMW;MW;0.0
UK;EXPPOIL;OIL;0.452156104977
UK;EXPPSBM;SBM;0.884040493147
UK;IMPPBG;BG;0.0
UK;IMPPCOMB;COMB;0.827703747051
UK;IMPPELEC;ELEC;0.36973747619
UK;IMPPGAS;GAS;0.928323359943
UK;IMPPHEAT;HEAT;0.0
UK;IMPPIW;IW;0.0
UK;IMPPLBF;LBF;0.687662513775
UK;IMPPMW;MW;0.0
UK;IMPPOIL;OIL;0.768338017594
UK;IMPPSBM;SBM;0.962001725025
UK;PRODPBG;Production;0.920464754364
UK;PRODPCOMB;Production;0.958510385305
UK;PRODPGAS;Production;0.250733807387
UK;PRODPGEO;Production;0.0
UK;PRODPHYD;Production;0.0408696870864
UK;PRODPIW;Production;0.209830159547
UK;PRODPLBF;Production;0.868807696492
UK;PRODPMW;Production;0.60092079311
UK;PRODPNUC;Production;0.68018027365
UK;PRODPOIL;Production;0.519835897699
UK;PRODPOTH_URN;Production;0.0
UK;PRODPPV;Production;0.849995656953
UK;PRODPSBM;Production;0.651841892042
UK;PRODPTID;Production;0.992903271592
UK;PRODPWD;Production;0.918305637842
DE;DFINENPBG;AGR;0.860271704251
DE;DFINENPCOMB;AGR;0.0
DE;DFINENPELEC;AGR;0.208316345873
DE;DFINENPGAS;AGR;0.0927232650446
DE;DFINENPGEO;AGR;0.0
DE;DFINENPHEAT;AGR;0.0
DE;DFINENPLBF;AGR;0.444669567179
DE;DFINENPMW;AGR;0.0
DE;DFINENPOIL;AGR;0.438771683842
DE;DFINENPSBM;AGR;0.141228553135
DE;DFINENPSOLT;AGR;0.429713238032
DE;DFINENPOIL;AVB;0.470356789705
DE;DFINENPOIL;AVD;0.696454349831
DE;DFINENPBG;ICH;0.526101012937
DE;DFINENPCOMB;ICH;0.949645200582
DE;DFINENPELEC;ICH;0.54391955918
DE;DFINENPGAS;ICH;0.548272794277
DE;DFINENPHEAT;ICH;0.553221363255
DE;DFINENPIW;ICH;0.684250757131
DE;DFINENPLBF;ICH;0.176011100262
DE;DFINENPMW;ICH;1.0
DE;DFINENPOIL;ICH;0.174183305858
DE;DFINENPSBM;ICH;0.230787031672
DE;DFINENPSOLT;ICH;1.0
DE;DFINENPBG;ICM;0.0
DE;DFINENPCOMB;ICM;0.0
DE;DFINENPELEC;ICM;0.492147298522
DE;DFINENPGAS;ICM;0.751420553807
DE;DFINENPHEAT;ICM;0.0
DE;DFINENPIW;ICM;0.0
DE;DFINENPLBF;ICM;0.357860894231
DE;DFINENPOIL;ICM;0.479927933507
DE;DFINENPSBM;ICM;0.0
DE;DFINENPSOLT;ICM;0.0
DE;DFINENPCOMB;IIS;0.64246819286
DE;DFINENPELEC;IIS;0.545872018679
DE;DFINENPGAS;IIS;0.564173979433
DE;DFINENPHEAT;IIS;0.256133023503
DE;DFINENPIW;IIS;0.0
DE;DFINENPLBF;IIS;0.0
DE;DFINENPMW;IIS;0.0
DE;DFINENPOIL;IIS;0.0553433887157
DE;DFINENPSBM;IIS;0.266666666667
DE;DFINENPSOLT;IIS;0.0
DE;DFINENPBG;INF;0.717308657916
DE;DFINENPCOMB;INF;0.364007310755
DE;DFINENPELEC;INF;0.57369383931
DE;DFINENPGAS;INF;0.534032010633
DE;DFINENPHEAT;INF;0.35590537008
DE;DFINENPIW;INF;0.85
DE;DFINENPLBF;INF;0.0
DE;DFINENPOIL;INF;0.341601645735
DE;DFINENPSBM;INF;0.0
DE;DFINENPSOLT;INF;0.0
DE;DFINENPBG;INM;0.111111111111
DE;DFINENPCOMB;INM;0.584519187482
DE;DFINENPELEC;INM;0.57945366407
DE;DFINENPGAS;INM;0.603614534382
DE;DFINENPHEAT;INM;0.426433914016
DE;DFINENPIW;INM;0.651393903406
DE;DFINENPLBF;INM;0.617208555422
DE;DFINENPMW;INM;0.777473738101
DE;DFINENPOIL;INM;0.367893088148
DE;DFINENPSBM;INM;0.445073148721
DE;DFINENPSOLT;INM;0.0
DE;DFINENPBG;IOI;0.233462065307
DE;DFINENPCOMB;IOI;0.582554829325
DE;DFINENPELEC;IOI;0.490025489158
DE;DFINENPGAS;IOI;0.571565926043
DE;DFINENPGEO;IOI;0.0
DE;DFINENPHEAT;IOI;0.494815394776
DE;DFINENPIW;IOI;0.166464459189
DE;DFINENPLBF;IOI;0.103907456704
DE;DFINENPMW;IOI;0.883574957606
DE;DFINENPOIL;IOI;0.346941610872
DE;DFINENPSBM;IOI;0.157410858407
DE;DFINENPSOLT;IOI;0.533333333333
DE;DFINENPGAS;NAB;0.0
DE;DFINENPLBF;NAB;0.0
DE;DFINENPOIL;NAB;0.0566708429468
DE;DFINENPGAS;NAD;0.0
DE;DFINENPLBF;NAD;0.0
DE;DFINENPOIL;NAD;0.224996840501
DE;DFINENPCOMB;OTH;0.0
DE;DFINENPELEC;OTH;0.0
DE;DFINENPGAS;OTH;0.0
DE;DFINENPHEAT;OTH;0.0
DE;DFINENPLBF;OTH;0.0
DE;DFINENPOIL;OTH;0.171155934444
DE;DFINENPSBM;OTH;0.0
DE;DFINENPSOLT;OTH;0.0
DE;DFINENPBG;OTH OwnUses;0.0171466899324
DE;DFINENPCOMB;OTH OwnUses;0.338478242112
DE;DFINENPELEC;OTH OwnUses;0.411601565654
DE;DFINENPGAS;OTH OwnUses;0.305449830206
DE;DFINENPHEAT;OTH OwnUses;0.431111366004
DE;DFINENPIW;OTH OwnUses;0.0
DE;DFINENPLBF;OTH OwnUses;0.0
DE;DFINENPMW;OTH OwnUses;1.0
DE;DFINENPOIL;OTH OwnUses;0.484850756555
DE;DFINENPSBM;OTH OwnUses;1.0
DE;DFINENPBG;OTH_TR;0.0
DE;DFINENPELEC;OTH_TR;0.0
DE;DFINENPGAS;OTH_TR;0.0
DE;DFINENPLBF;OTH_TR;0.0
DE;DFINENPOIL;OTH_TR;0.93012280374
DE;DFINENPBG;PWR OwnUses;0.0
DE;DFINENPCOMB;PWR OwnUses;0.0
DE;DFINENPELEC;PWR OwnUses;0.609833911851
DE;DFINENPGAS;PWR OwnUses;0.0
DE;DFINENPHEAT;PWR OwnUses;0.0
DE;DFINENPLBF;PWR OwnUses;0.0
DE;DFINENPMW;PWR OwnUses;0.0
DE;DFINENPOIL;PWR OwnUses;0.0
DE;DFINENPSBM;PWR OwnUses;0.0
DE;DFINENPELEC;Pipeline;0.0
DE;DFINENPGAS;Pipeline;0.695916160968
DE;DFINENPCOMB;RAI;0.0
DE;DFINENPELEC;RAI;0.548144650261
DE;DFINENPLBF;RAI;0.801804059133
DE;DFINENPOIL;RAI;0.540932153965
DE;DFINENPBG;RES;0.918743392237
DE;DFINENPCOMB;RES;0.514294433495
DE;DFINENPELEC;RES;0.467030623474
DE;DFINENPGAS;RES;0.636754019844
DE;DFINENPGEO;RES;1.0
DE;DFINENPHEAT;RES;0.365810455952
DE;DFINENPLBF;RES;0.179108839536
DE;DFINENPOIL;RES;0.684930617462
DE;DFINENPSBM;RES;0.524389871326
DE;DFINENPSOLT;RES;0.776487188546
DE;DFINENPBG;ROA;0.365287264332
DE;DFINENPELEC;ROA;0.223138684677
DE;DFINENPGAS;ROA;0.508645564581
DE;DFINENPLBF;ROA;0.431513762489
DE;DFINENPOIL;ROA;0.532397305456
DE;DFINENPBG;SRV;0.809476042079
DE;DFINENPCOMB;SRV;0.20776713495
DE;DFINENPELEC;SRV;0.478325976993
DE;DFINENPGAS;SRV;0.619526076255
DE;DFINENPGEO;SRV;0.830402866565
DE;DFINENPHEAT;SRV;0.252940433628
DE;DFINENPIW;SRV;0.0
DE;DFINENPLBF;SRV;0.235707665909
DE;DFINENPMW;SRV;0.0
DE;DFINENPOIL;SRV;0.613849327735
DE;DFINENPSBM;SRV;0.812575405902
DE;DFINENPSOLT;SRV;0.295547244069
DE;DINTENPCOMB;Blast furnace;0.563438422033
DE;DINTENPOIL;Blast furnace;1.0
DE;DINTENPSBM;Blast furnace;0.0
DE;DINTENPCOMB;Coke oven;0.564230911342
DE;DINTENPGAS;Coke oven;0.0
DE;DINTENPOIL;Coke oven;1.0
DE;DINTENPBG;HEAT;0.813409189738
DE;DINTENPCOMB;HEAT;0.698054493795
DE;DINTENPGAS;HEAT;0.578725206067
DE;DINTENPGEO;HEAT;0.86926140059
DE;DINTENPHEAT;HEAT;0.0
DE;DINTENPIW;HEAT;0.6320377427
DE;DINTENPLBF;HEAT;0.15781150952
DE;DINTENPMW;HEAT;0.458914414351
DE;DINTENPOIL;HEAT;0.215904610795
DE;DINTENPSBM;HEAT;0.126385604737
DE;DINTENPSOLT;HEAT;0.00528202134018
DE;DINTENPBG;Other;0.0
DE;DINTENPCOMB;Other;0.924344662484
DE;DINTENPGAS;Other;0.0
DE;DINTENPLBF;Other;0.0
DE;DINTENPOIL;Other;0.541138570973
DE;DINTENPSBM;Other;0.931451610894
DE;DINTENPBG;PG;0.897974877019
DE;DINTENPCOMB;PG;0.835240305354
DE;DINTENPGAS;PG;0.409292671904
DE;DINTENPGEO;PG;0.999527782237
DE;DINTENPHEAT;PG;0.0
DE;DINTENPIW;PG;0.478374565694
DE;DINTENPLBF;PG;0.851229261605
DE;DINTENPMW;PG;0.441400704671
DE;DINTENPOIL;PG;0.623040532927
DE;DINTENPSBM;PG;0.302131720619
DE;DINTENPSOLT;PG;0.0
DE;DINTENPOIL;Refineries;0.395446576751
DE;DNONENPCOMB;Non energy;0.593277958126
DE;DNONENPGAS;Non energy;0.439886112069
DE;DNONENPOIL;Non energy;0.464292932439
DE;DSTOCKPBG;BG;0.0
DE;DSTOCKPCOMB;COMB;0.939219446538
DE;DSTOCKPGAS;GAS;0.59315871387
DE;DSTOCKPIW;IW;0.0
DE;DSTOCKPLBF;LBF;-0.0
DE;DSTOCKPMW;MW;0.0
DE;DSTOCKPOIL;OIL;0.159392944031
DE;DSTOCKPSBM;SBM;-0.0
DE;EXPPBG;BG;0.0
DE;EXPPCOMB;COMB;0.799768501331
DE;EXPPELEC;ELEC;0.40079897268
DE;EXPPGAS;GAS;0.0
DE;EXPPLBF;LBF;0.450956386824
DE;EXPPMW;MW;0.0
DE;EXPPOIL;OIL;0.112607987065
DE;EXPPSBM;SBM;0.502551318789
DE;IMPPBG;BG;0.0
DE;IMPPCOMB;COMB;0.603989778832
DE;IMPPELEC;ELEC;0.254344991604
DE;IMPPGAS;GAS;0.551143167794
DE;IMPPHEAT;HEAT;0.0
DE;IMPPIW;IW;0.0
DE;IMPPLBF;LBF;0.280132241937
DE;IMPPMW;MW;0.0
DE;IMPPOIL;OIL;0.305468730615
DE;IMPPSBM;SBM;0.221279358715
DE;PRODPBG;Production;0.822950490705
DE;PRODPCOMB;Production;0.80750136791
DE;PRODPGAS;Production;0.128968726103
DE;PRODPGEO;Production;0.998985801217
DE;PRODPHYD;Production;0.169289628248
DE;PRODPIW;Production;0.590434769031
DE;PRODPLBF;Production;0.514752035099
DE;PRODPMW;Production;0.511183320581
DE;PRODPNUC;Production;0.353268065837
DE;PRODPOIL;Production;0.391362592839
DE;PRODPOTH_URN;Production;0.0
DE;PRODPPV;Production;0.769325198336
DE;PRODPSBM;Production;0.319498598838
DE;PRODPTID;Production;0.0
DE;PRODPWD;Production;0.6082346901
FR;DFINENPBG;AGR;0.88764539748
FR;DFINENPCOMB;AGR;0.707847276641
FR;DFINENPELEC;AGR;0.359196402164
FR;DFINENPGAS;AGR;0.369963169603
FR;DFINENPGEO;AGR;0.309747370375
FR;DFINENPHEAT;AGR;0.585907540274
FR;DFINENPLBF;AGR;0.958171160266
FR;DFINENPMW;AGR;1.0
FR;DFINENPOIL;AGR;0.409665764767
FR;DFINENPSBM;AGR;0.514989598136
FR;DFINENPSOLT;AGR;0.293697165589
FR;DFINENPOIL;AVB;0.344966222453
FR;DFINENPOIL;AVD;0.309112618608
FR;DFINENPBG;ICH;0.305044274202
FR;DFINENPCOMB;ICH;0.725985222085
FR;DFINENPELEC;ICH;0.431140324534
FR;DFINENPGAS;ICH;0.450210292014
FR;DFINENPHEAT;ICH;0.481102020673
FR;DFINENPIW;ICH;0.155613171913
FR;DFINENPLBF;ICH;0.933989831351
FR;DFINENPMW;ICH;1.0
FR;DFINENPOIL;ICH;0.301790048867
FR;DFINENPSBM;ICH;0.868979033171
FR;DFINENPSOLT;ICH;0.0
FR;DFINENPBG;ICM;1.0
FR;DFINENPCOMB;ICM;0.0
FR;DFINENPELEC;ICM;0.388522018322
FR;DFINENPGAS;ICM;0.214526327907
FR;DFINENPHEAT;ICM;0.0
FR;DFINENPIW;ICM;0.0
FR;DFINENPLBF;ICM;0.6708544385
FR;DFINENPOIL;ICM;0.562267479053
FR;DFINENPSBM;ICM;0.000327388561594
FR;DFINENPSOLT;ICM;0.0
FR;DFINENPCOMB;IIS;0.0984672685599
FR;DFINENPELEC;IIS;0.267123340706
FR;DFINENPGAS;IIS;0.23708431509
FR;DFINENPHEAT;IIS;0.0569689214051
FR;DFINENPIW;IIS;0.0
FR;DFINENPLBF;IIS;0.680384087791
FR;DFINENPMW;IIS;0.0
FR;DFINENPOIL;IIS;0.133830582069
FR;DFINENPSBM;IIS;0.923371924747
FR;DFINENPSOLT;IIS;0.0
FR;DFINENPBG;INF;0.0
FR;DFINENPCOMB;INF;0.00237294088878
FR;DFINENPELEC;INF;0.366979632328
FR;DFINENPGAS;INF;0.193322386381
FR;DFINENPHEAT;INF;0.935680133889
FR;DFINENPIW;INF;0.0
FR;DFINENPLBF;INF;0.935742971888
FR;DFINENPOIL;INF;0.0761537978896
FR;DFINENPSBM;INF;0.0
FR;DFINENPSOLT;INF;0.0
FR;DFINENPBG;INM;0.495713565305
FR;DFINENPCOMB;INM;0.488677240321
FR;DFINENPELEC;INM;0.310420587811
FR;DFINENPGAS;INM;0.282220923253
FR;DFINENPHEAT;INM;0.0599916453258
FR;DFINENPIW;INM;0.43740476601
FR;DFINENPLBF;INM;0.542017920432
FR;DFINENPMW;INM;0.0
FR;DFINENPOIL;INM;0.164391246275
FR;DFINENPSBM;INM;0.245594301527
FR;DFINENPSOLT;INM;0.0
FR;DFINENPBG;IOI;0.41494407894
FR;DFINENPCOMB;IOI;0.581096781619
FR;DFINENPELEC;IOI;0.333016831248
FR;DFINENPGAS;IOI;0.386475979747
FR;DFINENPGEO;IOI;0.0
FR;DFINENPHEAT;IOI;0.253059456782
FR;DFINENPIW;IOI;0.248063117821
FR;DFINENPLBF;IOI;0.710632052825
FR;DFINENPMW;IOI;1.0
FR;DFINENPOIL;IOI;0.305727235237
FR;DFINENPSBM;IOI;0.268840739174
FR;DFINENPSOLT;IOI;0.0771505028584
FR;DFINENPGAS;NAB;0.0
FR;DFINENPLBF;NAB;0.976364659539
FR;DFINENPOIL;NAB;0.0986357767
FR;DFINENPGAS;NAD;0.0
FR;DFINENPLBF;NAD;0.621330673999
FR;DFINENPOIL;NAD;0.168959968148
FR;DFINENPCOMB;OTH;0.0
FR;DFINENPELEC;OTH;0.406543133182
FR;DFINENPGAS;OTH;0.639817198476
FR;DFINENPHEAT;OTH;0.0
FR;DFINENPLBF;OTH;0.0
FR;DFINENPOIL;OTH;0.567772877137
FR;DFINENPSBM;OTH;0.0
FR;DFINENPSOLT;OTH;0.0
FR;DFINENPBG;OTH OwnUses;0.0
FR;DFINENPCOMB;OTH OwnUses;0.804467373324
FR;DFINENPELEC;OTH OwnUses;0.269854408265
FR;DFINENPGAS;OTH OwnUses;0.110750282808
FR;DFINENPHEAT;OTH OwnUses;0.0
FR;DFINENPIW;OTH OwnUses;0.0
FR;DFINENPLBF;OTH OwnUses;0.0
FR;DFINENPMW;OTH OwnUses;0.0
FR;DFINENPOIL;OTH OwnUses;0.121246136366
FR;DFINENPSBM;OTH OwnUses;0.0
FR;DFINENPBG;OTH_TR;0.0
FR;DFINENPELEC;OTH_TR;0.0914209059503
FR;DFINENPGAS;OTH_TR;1.0
FR;DFINENPLBF;OTH_TR;0.0
FR;DFINENPOIL;OTH_TR;0.0
FR;DFINENPBG;PWR OwnUses;0.0
FR;DFINENPCOMB;PWR OwnUses;0.0
FR;DFINENPELEC;PWR OwnUses;0.504292772974
FR;DFINENPGAS;PWR OwnUses;0.0
FR;DFINENPHEAT;PWR OwnUses;0.00131089841428
FR;DFINENPLBF;PWR OwnUses;0.0
FR;DFINENPMW;PWR OwnUses;0.0
FR;DFINENPOIL;PWR OwnUses;0.0
FR;DFINENPSBM;PWR OwnUses;0.0
FR;DFINENPELEC;Pipeline;0.555655326673
FR;DFINENPGAS;Pipeline;0.000725705242661
FR;DFINENPCOMB;RAI;0.0
FR;DFINENPELEC;RAI;0.466528639986
FR;DFINENPLBF;RAI;1.0
FR;DFINENPOIL;RAI;0.463025382223
FR;DFINENPBG;RES;0.0
FR;DFINENPCOMB;RES;0.280539166616
FR;DFINENPELEC;RES;0.481788828736
FR;DFINENPGAS;RES;0.360378419651
FR;DFINENPGEO;RES;0.0
FR;DFINENPHEAT;RES;0.578720090572
FR;DFINENPLBF;RES;0.0
FR;DFINENPOIL;RES;0.418971243287
FR;DFINENPSBM;RES;0.41147344579
FR;DFINENPSOLT;RES;0.188671820258
FR;DFINENPBG;ROA;0.0
FR;DFINENPELEC;ROA;0.501467582279
FR;DFINENPGAS;ROA;0.119998657234
FR;DFINENPLBF;ROA;0.482201446662
FR;DFINENPOIL;ROA;0.368235532689
FR;DFINENPBG;SRV;0.573850339868
FR;DFINENPCOMB;SRV;1.0
FR;DFINENPELEC;SRV;0.404062119211
FR;DFINENPGAS;SRV;0.39890225442
FR;DFINENPGEO;SRV;0.159399674621
FR;DFINENPHEAT;SRV;0.71432204941
FR;DFINENPIW;SRV;1.0
FR;DFINENPLBF;SRV;0.827468125728
FR;DFINENPMW;SRV;0.921681608855
FR;DFINENPOIL;SRV;0.530380204457
FR;DFINENPSBM;SRV;0.541294373747
FR;DFINENPSOLT;SRV;0.0786245492405
FR;DINTENPCOMB;Blast furnace;0.652819033096
FR;DINTENPOIL;Blast furnace;0.0
FR;DINTENPSBM;Blast furnace;0.0
FR;DINTENPCOMB;Coke oven;0.587765349366
FR;DINTENPGAS;Coke oven;0.0
FR;DINTENPOIL;Coke oven;0.0
FR;DINTENPBG;HEAT;0.226567210601
FR;DINTENPCOMB;HEAT;0.619041736814
FR;DINTENPGAS;HEAT;0.248763106419
FR;DINTENPGEO;HEAT;0.66055433206
FR;DINTENPHEAT;HEAT;0.0
FR;DINTENPIW;HEAT;0.859107593117
FR;DINTENPLBF;HEAT;0.0
FR;DINTENPMW;HEAT;0.691052804164
FR;DINTENPOIL;HEAT;0.214197475603
FR;DINTENPSBM;HEAT;0.622808161285
FR;DINTENPSOLT;HEAT;0.0
FR;DINTENPBG;Other;0.662379961373
FR;DINTENPCOMB;Other;0.0
FR;DINTENPGAS;Other;0.0
FR;DINTENPLBF;Other;0.0
FR;DINTENPOIL;Other;0.358054470114
FR;DINTENPSBM;Other;0.360932180603
FR;DINTENPBG;PG;0.221987625951
FR;DINTENPCOMB;PG;0.0840370509
FR;DINTENPGAS;PG;0.115737620778
FR;DINTENPGEO;PG;0.00529214876128
FR;DINTENPHEAT;PG;0.0
FR;DINTENPIW;PG;0.232216234089
FR;DINTENPLBF;PG;2.17600452337e-05
FR;DINTENPMW;PG;0.318016659453
FR;DINTENPOIL;PG;0.125717828815
FR;DINTENPSBM;PG;0.167175175198
FR;DINTENPSOLT;PG;0.0
FR;DINTENPOIL;Refineries;0.219323334689
FR;DNONENPCOMB;Non energy;0.899186527449
FR;DNONENPGAS;Non energy;0.419012289147
FR;DNONENPOIL;Non energy;0.485485947044
FR;DSTOCKPBG;BG;0.0
FR;DSTOCKPCOMB;COMB;0.203259713437
FR;DSTOCKPGAS;GAS;0.535203423448
FR;DSTOCKPIW;IW;-0.0
FR;DSTOCKPLBF;LBF;0.492797743129
FR;DSTOCKPMW;MW;0.0
FR;DSTOCKPOIL;OIL;-0.279915705521
FR;DSTOCKPSBM;SBM;0.0
FR;EXPPBG;BG;0.0
FR;EXPPCOMB;COMB;0.00349526127913
FR;EXPPELEC;ELEC;0.756949154944
FR;EXPPGAS;GAS;0.866307601076
FR;EXPPLBF;LBF;0.221206519342
FR;EXPPMW;MW;0.0
FR;EXPPOIL;OIL;0.188100585372
FR;EXPPSBM;SBM;0.366917413266
FR;IMPPBG;BG;0.0
FR;IMPPCOMB;COMB;0.344753823863
FR;IMPPELEC;ELEC;0.159263080225
FR;IMPPGAS;GAS;0.320086240801
FR;IMPPHEAT;HEAT;0.0
FR;IMPPIW;IW;0.0
FR;IMPPLBF;LBF;0.354823502996
FR;IMPPMW;MW;0.0
FR;IMPPOIL;OIL;0.300008623713
FR;IMPPSBM;SBM;0.16917558315
FR;PRODPBG;Production;0.278090377525
FR;PRODPCOMB;Production;0.396373951257
FR;PRODPGAS;Production;0.00352465827811
FR;PRODPGEO;Production;0.0200174303045
FR;PRODPHYD;Production;0.408052177711
FR;PRODPIW;Production;0.418261124037
FR;PRODPLBF;Production;0.409019500251
FR;PRODPMW;Production;0.502547718355
FR;PRODPNUC;Production;0.872422325713
FR;PRODPOIL;Production;0.218910825124
FR;PRODPOTH_URN;Production;0.0
FR;PRODPPV;Production;0.212897129914
FR;PRODPSBM;Production;0.399658505586
FR;PRODPTID;Production;0.959916947916
FR;PRODPWD;Production;0.263556903136
IT;DFINENPBG;AGR;0.0
IT;DFINENPCOMB;AGR;0.0
IT;DFINENPELEC;AGR;0.256385302538
IT;DFINENPGAS;AGR;0.258077070733
IT;DFINENPGEO;AGR;0.657104107197
IT;DFINENPHEAT;AGR;0.380036707591
IT;DFINENPLBF;AGR;0.0
IT;DFINENPMW;AGR;0.0
IT;DFINENPOIL;AGR;0.267618599737
IT;DFINENPSBM;AGR;0.121622376083
IT;DFINENPSOLT;AGR;0.395479031991
IT;DFINENPOIL;AVB;0.220412601632
IT;DFINENPOIL;AVD;0.173088912503
IT;DFINENPBG;ICH;0.611172493965
IT;DFINENPCOMB;ICH;0.00149989377626
IT;DFINENPELEC;ICH;0.299799827335
IT;DFINENPGAS;ICH;0.137038632992
IT;DFINENPHEAT;ICH;0.487229813258
IT;DFINENPIW;ICH;0.834312623545
IT;DFINENPLBF;ICH;0.0
IT;DFINENPMW;ICH;0.0
IT;DFINENPOIL;ICH;0.527324948834
IT;DFINENPSBM;ICH;0.0125174637587
IT;DFINENPSOLT;ICH;0.0
IT;DFINENPBG;ICM;0.0
IT;DFINENPCOMB;ICM;0.0
IT;DFINENPELEC;ICM;0.171540205013
IT;DFINENPGAS;ICM;0.223553753553
IT;DFINENPHEAT;ICM;1.0
IT;DFINENPIW;ICM;0.0
IT;DFINENPLBF;ICM;0.0
IT;DFINENPOIL;ICM;0.0103933277926
IT;DFINENPSBM;ICM;0.247368688432
IT;DFINENPSOLT;ICM;0.0
IT;DFINENPCOMB;IIS;0.583287270924
IT;DFINENPELEC;IIS;0.39624837217
IT;DFINENPGAS;IIS;0.500815397747
IT;DFINENPHEAT;IIS;0.943031078595
IT;DFINENPIW;IIS;0.0
IT;DFINENPLBF;IIS;0.0
IT;DFINENPMW;IIS;0.0
IT;DFINENPOIL;IIS;0.371379833664
IT;DFINENPSBM;IIS;0.00426917510854
IT;DFINENPSOLT;IIS;0.0
IT;DFINENPBG;INF;0.0
IT;DFINENPCOMB;INF;0.97487678884
IT;DFINENPELEC;INF;0.0923266763791
IT;DFINENPGAS;INF;0.313781594479
IT;DFINENPHEAT;INF;0.0643198661105
IT;DFINENPIW;INF;0.0
IT;DFINENPLBF;INF;0.0
IT;DFINENPOIL;INF;0.399565778781
IT;DFINENPSBM;INF;0.0
IT;DFINENPSOLT;INF;0.0
IT;DFINENPBG;INM;0.0
IT;DFINENPCOMB;INM;0.331599265197
IT;DFINENPELEC;INM;0.332030280281
IT;DFINENPGAS;INM;0.335378269274
IT;DFINENPHEAT;INM;0.900031955479
IT;DFINENPIW;INM;0.197108370644
IT;DFINENPLBF;INM;0.0
IT;DFINENPMW;INM;0.0
IT;DFINENPOIL;INM;0.230844597064
IT;DFINENPSBM;INM;0.22407636287
IT;DFINENPSOLT;INM;0.0
IT;DFINENPBG;IOI;0.102563628605
IT;DFINENPCOMB;IOI;0.0319869472391
IT;DFINENPELEC;IOI;0.394004592806
IT;DFINENPGAS;IOI;0.326535483932
IT;DFINENPGEO;IOI;0.924957601045
IT;DFINENPHEAT;IOI;0.683471776683
IT;DFINENPIW;IOI;0.751936882179
IT;DFINENPLBF;IOI;0.0
IT;DFINENPMW;IOI;0.0
IT;DFINENPOIL;IOI;0.184430035862
IT;DFINENPSBM;IOI;0.0649642203409
IT;DFINENPSOLT;IOI;0.693613211099
IT;DFINENPGAS;NAB;0.0
IT;DFINENPLBF;NAB;0.0
IT;DFINENPOIL;NAB;0.151930748824
IT;DFINENPGAS;NAD;0.0
IT;DFINENPLBF;NAD;0.0
IT;DFINENPOIL;NAD;0.210848873036
IT;DFINENPCOMB;OTH;0.0
IT;DFINENPELEC;OTH;0.0
IT;DFINENPGAS;OTH;0.0
IT;DFINENPHEAT;OTH;1.0
IT;DFINENPLBF;OTH;0.0
IT;DFINENPOIL;OTH;0.0695495568799
IT;DFINENPSBM;OTH;0.0
IT;DFINENPSOLT;OTH;0.0
IT;DFINENPBG;OTH OwnUses;0.0
IT;DFINENPCOMB;OTH OwnUses;0.0257410715047
IT;DFINENPELEC;OTH OwnUses;0.360490554031
IT;DFINENPGAS;OTH OwnUses;0.287442346734
IT;DFINENPHEAT;OTH OwnUses;0.838083963581
IT;DFINENPIW;OTH OwnUses;0.0
IT;DFINENPLBF;OTH OwnUses;0.0
IT;DFINENPMW;OTH OwnUses;0.0
IT;DFINENPOIL;OTH OwnUses;0.274955311927
IT;DFINENPSBM;OTH OwnUses;0.0
IT;DFINENPBG;OTH_TR;0.0
IT;DFINENPELEC;OTH_TR;0.904515545349
IT;DFINENPGAS;OTH_TR;0.0
IT;DFINENPLBF;OTH_TR;0.0
IT;DFINENPOIL;OTH_TR;0.0
IT;DFINENPBG;PWR OwnUses;0.0
IT;DFINENPCOMB;PWR OwnUses;0.0
IT;DFINENPELEC;PWR OwnUses;0.197357611819
IT;DFINENPGAS;PWR OwnUses;0.0
IT;DFINENPHEAT;PWR OwnUses;0.998689101586
IT;DFINENPLBF;PWR OwnUses;0.0
IT;DFINENPMW;PWR OwnUses;0.0
IT;DFINENPOIL;PWR OwnUses;0.0
IT;DFINENPSBM;PWR OwnUses;0.0
IT;DFINENPELEC;Pipeline;0.223807512483
IT;DFINENPGAS;Pipeline;0.773578189949
IT;DFINENPCOMB;RAI;0.0
IT;DFINENPELEC;RAI;0.305677435061
IT;DFINENPLBF;RAI;0.0
IT;DFINENPOIL;RAI;0.160151958137
IT;DFINENPBG;RES;0.0
IT;DFINENPCOMB;RES;0.0
IT;DFINENPELEC;RES;0.197840948089
IT;DFINENPGAS;RES;0.509321213217
IT;DFINENPGEO;RES;0.911555606355
IT;DFINENPHEAT;RES;0.403387310123
IT;DFINENPLBF;RES;0.0
IT;DFINENPOIL;RES;0.191287785733
IT;DFINENPSBM;RES;0.38505039445
IT;DFINENPSOLT;RES;0.166619032992
IT;DFINENPBG;ROA;1.0
IT;DFINENPELEC;ROA;0.209090282722
IT;DFINENPGAS;ROA;0.710075577954
IT;DFINENPLBF;ROA;0.198142327604
IT;DFINENPOIL;ROA;0.280658234002
IT;DFINENPBG;SRV;0.0905994061077
IT;DFINENPCOMB;SRV;0.0
IT;DFINENPELEC;SRV;0.263882597405
IT;DFINENPGAS;SRV;0.451591522759
IT;DFINENPGEO;SRV;0.749944108234
IT;DFINENPHEAT;SRV;0.264368784559
IT;DFINENPIW;SRV;0.0
IT;DFINENPLBF;SRV;0.0
IT;DFINENPMW;SRV;0.0
IT;DFINENPOIL;SRV;0.116556636736
IT;DFINENPSBM;SRV;0.14699877635
IT;DFINENPSOLT;SRV;0.27081510148
IT;DINTENPCOMB;Blast furnace;0.182859678984
IT;DINTENPOIL;Blast furnace;0.0
IT;DINTENPSBM;Blast furnace;0.0
IT;DINTENPCOMB;Coke oven;0.288035559537
IT;DINTENPGAS;Coke oven;0.0
IT;DINTENPOIL;Coke oven;0.0
IT;DINTENPBG;HEAT;0.771059306724
IT;DINTENPCOMB;HEAT;0.18663727256
IT;DINTENPGAS;HEAT;0.661624733383
IT;DINTENPGEO;HEAT;0.33944566794
IT;DINTENPHEAT;HEAT;0.0
IT;DINTENPIW;HEAT;0.130984053952
IT;DINTENPLBF;HEAT;1.0
IT;DINTENPMW;HEAT;0.308947195836
IT;DINTENPOIL;HEAT;0.779931508761
IT;DINTENPSBM;HEAT;0.377191838715
IT;DINTENPSOLT;HEAT;1.0
IT;DINTENPBG;Other;0.283778057057
IT;DINTENPCOMB;Other;0.0
IT;DINTENPGAS;Other;0.0
IT;DINTENPLBF;Other;0.0
IT;DINTENPOIL;Other;0.561208082925
IT;DINTENPSBM;Other;0.107506670441
IT;DINTENPBG;PG;0.61587372764
IT;DINTENPCOMB;PG;0.35445585214
IT;DINTENPGAS;PG;0.456073890552
IT;DINTENPGEO;PG;0.957601624923
IT;DINTENPHEAT;PG;0.0
IT;DINTENPIW;PG;0.101458848615
IT;DINTENPLBF;PG;0.996605432944
IT;DINTENPMW;PG;0.40742659743
IT;DINTENPOIL;PG;0.250585863148
IT;DINTENPSBM;PG;0.235155452606
IT;DINTENPSOLT;PG;0.0
IT;DINTENPOIL;Refineries;0.314777336055
IT;DNONENPCOMB;Non energy;0.0
IT;DNONENPGAS;Non energy;0.243017223058
IT;DNONENPOIL;Non energy;0.254439096612
IT;DSTOCKPBG;BG;0.0
IT;DSTOCKPCOMB;COMB;0.338971707072
IT;DSTOCKPGAS;GAS;0.290626239067
IT;DSTOCKPIW;IW;-0.0
IT;DSTOCKPLBF;LBF;0.866009900592
IT;DSTOCKPMW;MW;0.0
IT;DSTOCKPOIL;OIL;0.656219696138
IT;DSTOCKPSBM;SBM;0.0
IT;EXPPBG;BG;0.0
IT;EXPPCOMB;COMB;0.1675859991
IT;EXPPELEC;ELEC;0.0602440919099
IT;EXPPGAS;GAS;0.0283135881884
IT;EXPPLBF;LBF;0.0835745836983
IT;EXPPMW;MW;0.0
IT;EXPPOIL;OIL;0.302251081782
IT;EXPPSBM;SBM;0.0449838193916
IT;IMPPBG;BG;0.0
IT;IMPPCOMB;COMB;0.311066487427
IT;IMPPELEC;ELEC;0.448035849927
IT;IMPPGAS;GAS;0.393248268965
IT;IMPPHEAT;HEAT;0.0
IT;IMPPIW;IW;0.0
IT;IMPPLBF;LBF;0.269922898261
IT;IMPPMW;MW;0.0
IT;IMPPOIL;OIL;0.252916244315
IT;IMPPSBM;SBM;0.744010274367
IT;PRODPBG;Production;0.575604199524
IT;PRODPCOMB;Production;0.190788458901
IT;PRODPGAS;Production;0.96558366574
IT;PRODPGEO;Production;0.946430635708
IT;PRODPHYD;Production;0.319123079084
IT;PRODPIW;Production;0.261011232468
IT;PRODPLBF;Production;0.164879709677
IT;PRODPMW;Production;0.352094351521
IT;PRODPNUC;Production;0.0
IT;PRODPOIL;Production;0.329173317397
IT;PRODPOTH_URN;Production;0.0
IT;PRODPPV;Production;0.414564892192
IT;PRODPSBM;Production;0.27366375417
IT;PRODPTID;Production;0.0
IT;PRODPWD;Production;0.153344737436
ES;DFINENPBG;AGR;0.0452247216418
ES;DFINENPCOMB;AGR;0.0
ES;DFINENPELEC;AGR;0.232307579302
ES;DFINENPGAS;AGR;0.355872513146
ES;DFINENPGEO;AGR;0.0
ES;DFINENPHEAT;AGR;0.0
ES;DFINENPLBF;AGR;0.033235173455
ES;DFINENPMW;AGR;0.0
ES;DFINENPOIL;AGR;0.264864016594
ES;DFINENPSBM;AGR;0.239223072122
ES;DFINENPSOLT;AGR;0.31082380242
ES;DFINENPOIL;AVB;0.264846044394
ES;DFINENPOIL;AVD;0.442765896146
ES;DFINENPBG;ICH;0.0837832318334
ES;DFINENPCOMB;ICH;0.272512267352
ES;DFINENPELEC;ICH;0.201781209085
ES;DFINENPGAS;ICH;0.381726083565
ES;DFINENPHEAT;ICH;0.0
ES;DFINENPIW;ICH;0.0
ES;DFINENPLBF;ICH;0.0
ES;DFINENPMW;ICH;0.0
ES;DFINENPOIL;ICH;0.130028519624
ES;DFINENPSBM;ICH;0.0641572284424
ES;DFINENPSOLT;ICH;0.309182120975
ES;DFINENPBG;ICM;0.0
ES;DFINENPCOMB;ICM;0.0
ES;DFINENPELEC;ICM;0.328751502083
ES;DFINENPGAS;ICM;0.528289492318
ES;DFINENPHEAT;ICM;0.0
ES;DFINENPIW;ICM;0.0
ES;DFINENPLBF;ICM;0.266091402397
ES;DFINENPOIL;ICM;0.332462428238
ES;DFINENPSBM;ICM;0.752303923006
ES;DFINENPSOLT;ICM;1.0
ES;DFINENPCOMB;IIS;0.31010825784
ES;DFINENPELEC;IIS;0.277788915749
ES;DFINENPGAS;IIS;0.231167006758
ES;DFINENPHEAT;IIS;0.0
ES;DFINENPIW;IIS;0.0
ES;DFINENPLBF;IIS;0.0
ES;DFINENPMW;IIS;0.0
ES;DFINENPOIL;IIS;0.423756883689
ES;DFINENPSBM;IIS;0.0723589001447
ES;DFINENPSOLT;IIS;1.0
ES;DFINENPBG;INF;0.0
ES;DFINENPCOMB;INF;0.0227502702716
ES;DFINENPELEC;INF;0.350734381289
ES;DFINENPGAS;INF;0.366581924462
ES;DFINENPHEAT;INF;0.0
ES;DFINENPIW;INF;0.0
ES;DFINENPLBF;INF;0.0
ES;DFINENPOIL;INF;0.452458870719
ES;DFINENPSBM;INF;1.0
ES;DFINENPSOLT;INF;1.0
ES;DFINENPBG;INM;0.504286434695
ES;DFINENPCOMB;INM;0.0177346613444
ES;DFINENPELEC;INM;0.236275648309
ES;DFINENPGAS;INM;0.303957345563
ES;DFINENPHEAT;INM;0.0
ES;DFINENPIW;INM;0.256343815305
ES;DFINENPLBF;INM;0.0
ES;DFINENPMW;INM;0.0
ES;DFINENPOIL;INM;0.380938087176
ES;DFINENPSBM;INM;0.364224406036
ES;DFINENPSOLT;INM;1.0
ES;DFINENPBG;IOI;0.252163931658
ES;DFINENPCOMB;IOI;0.0644756554782
ES;DFINENPELEC;IOI;0.190623672733
ES;DFINENPGAS;IOI;0.231173775191
ES;DFINENPGEO;IOI;0.0
ES;DFINENPHEAT;IOI;0.0
ES;DFINENPIW;IOI;0.0
ES;DFINENPLBF;IOI;0.114920297821
ES;DFINENPMW;IOI;0.0
ES;DFINENPOIL;IOI;0.293940876103
ES;DFINENPSBM;IOI;0.398607386068
ES;DFINENPSOLT;IOI;0.133301451959
ES;DFINENPGAS;NAB;1.0
ES;DFINENPLBF;NAB;0.0
ES;DFINENPOIL;NAB;0.405567311725
ES;DFINENPGAS;NAD;0.0
ES;DFINENPLBF;NAD;0.114827328405
ES;DFINENPOIL;NAD;0.359734918353
ES;DFINENPCOMB;OTH;0.999813532371
ES;DFINENPELEC;OTH;0.553764332517
ES;DFINENPGAS;OTH;0.223427014501
ES;DFINENPHEAT;OTH;0.0
ES;DFINENPLBF;OTH;0.0
ES;DFINENPOIL;OTH;0.0438790994358
ES;DFINENPSBM;OTH;0.0
ES;DFINENPSOLT;OTH;1.0
ES;DFINENPBG;OTH OwnUses;0.0
ES;DFINENPCOMB;OTH OwnUses;0.169791555171
ES;DFINENPELEC;OTH OwnUses;0.279000403959
ES;DFINENPGAS;OTH OwnUses;0.564723911529
ES;DFINENPHEAT;OTH OwnUses;0.0
ES;DFINENPIW;OTH OwnUses;0.0
ES;DFINENPLBF;OTH OwnUses;0.0
ES;DFINENPMW;OTH OwnUses;0.0
ES;DFINENPOIL;OTH OwnUses;0.427344864786
ES;DFINENPSBM;OTH OwnUses;0.0
ES;DFINENPBG;OTH_TR;0.0
ES;DFINENPELEC;OTH_TR;0.00406354870033
ES;DFINENPGAS;OTH_TR;0.0
ES;DFINENPLBF;OTH_TR;0.976181179227
ES;DFINENPOIL;OTH_TR;0.984419078515
ES;DFINENPBG;PWR OwnUses;0.0
ES;DFINENPCOMB;PWR OwnUses;0.0
ES;DFINENPELEC;PWR OwnUses;0.19909686308
ES;DFINENPGAS;PWR OwnUses;0.0
ES;DFINENPHEAT;PWR OwnUses;0.0
ES;DFINENPLBF;PWR OwnUses;0.0
ES;DFINENPMW;PWR OwnUses;0.0
ES;DFINENPOIL;PWR OwnUses;0.0
ES;DFINENPSBM;PWR OwnUses;0.0
ES;DFINENPELEC;Pipeline;0.215813919073
ES;DFINENPGAS;Pipeline;0.225696104808
ES;DFINENPCOMB;RAI;0.0
ES;DFINENPELEC;RAI;0.191507889167
ES;DFINENPLBF;RAI;0.0
ES;DFINENPOIL;RAI;0.30168159556
ES;DFINENPBG;RES;0.0
ES;DFINENPCOMB;RES;0.681370759708
ES;DFINENPELEC;RES;0.220141330306
ES;DFINENPGAS;RES;0.109183970981
ES;DFINENPGEO;RES;0.088444393645
ES;DFINENPHEAT;RES;0.0
ES;DFINENPLBF;RES;0.0
ES;DFINENPOIL;RES;0.22756178504
ES;DFINENPSBM;RES;0.113159883698
ES;DFINENPSOLT;RES;0.251046902773
ES;DFINENPBG;ROA;0.0
ES;DFINENPELEC;ROA;0.237324207835
ES;DFINENPGAS;ROA;0.143785963287
ES;DFINENPLBF;ROA;0.245315484453
ES;DFINENPOIL;ROA;0.249303665841
ES;DFINENPBG;SRV;0.237279567011
ES;DFINENPCOMB;SRV;0.0
ES;DFINENPELEC;SRV;0.220728672003
ES;DFINENPGAS;SRV;0.124042624164
ES;DFINENPGEO;SRV;0.000956193149195
ES;DFINENPHEAT;SRV;0.0
ES;DFINENPIW;SRV;0.0
ES;DFINENPLBF;SRV;0.118449311954
ES;DFINENPMW;SRV;0.0783183911454
ES;DFINENPOIL;SRV;0.274036301882
ES;DFINENPSBM;SRV;0.227142477467
ES;DFINENPSOLT;SRV;0.294848799053
ES;DINTENPCOMB;Blast furnace;0.164321287921
ES;DINTENPOIL;Blast furnace;0.0
ES;DINTENPSBM;Blast furnace;0.0
ES;DINTENPCOMB;Coke oven;0.124199091097
ES;DINTENPGAS;Coke oven;0.0
ES;DINTENPOIL;Coke oven;0.0
ES;DINTENPBG;HEAT;0.0
ES;DINTENPCOMB;HEAT;0.0
ES;DINTENPGAS;HEAT;0.0
ES;DINTENPGEO;HEAT;0.0
ES;DINTENPHEAT;HEAT;0.0
ES;DINTENPIW;HEAT;0.0
ES;DINTENPLBF;HEAT;0.0
ES;DINTENPMW;HEAT;0.0
ES;DINTENPOIL;HEAT;0.0
ES;DINTENPSBM;HEAT;0.0
ES;DINTENPSOLT;HEAT;0.0
ES;DINTENPBG;Other;0.0538419815705
ES;DINTENPCOMB;Other;0.0
ES;DINTENPGAS;Other;0.0
ES;DINTENPLBF;Other;0.0
ES;DINTENPOIL;Other;0.0247891616439
ES;DINTENPSBM;Other;0.377844061408
ES;DINTENPBG;PG;0.0871222018126
ES;DINTENPCOMB;PG;0.265133778172
ES;DINTENPGAS;PG;0.296340205342
ES;DINTENPGEO;PG;0.0
ES;DINTENPHEAT;PG;0.0
ES;DINTENPIW;PG;0.377194860006
ES;DINTENPLBF;PG;0.00337280701123
ES;DINTENPMW;PG;0.194378518519
ES;DINTENPOIL;PG;0.313121539437
ES;DINTENPSBM;PG;0.36875899504
ES;DINTENPSOLT;PG;1.0
ES;DINTENPOIL;Refineries;0.283488519391
ES;DNONENPCOMB;Non energy;0.100813472551
ES;DNONENPGAS;Non energy;0.176222730451
ES;DNONENPOIL;Non energy;0.191885918018
ES;DSTOCKPBG;BG;0.0
ES;DSTOCKPCOMB;COMB;1.85028149079
ES;DSTOCKPGAS;GAS;0.183200127166
ES;DSTOCKPIW;IW;-0.0
ES;DSTOCKPLBF;LBF;-0.690049860062
ES;DSTOCKPMW;MW;0.0
ES;DSTOCKPOIL;OIL;1.65749914067
ES;DSTOCKPSBM;SBM;0.0
ES;EXPPBG;BG;0.0
ES;EXPPCOMB;COMB;0.828918739621
ES;EXPPELEC;ELEC;0.122461653856
ES;EXPPGAS;GAS;0.103930729185
ES;EXPPLBF;LBF;0.661622572823
ES;EXPPMW;MW;0.0
ES;EXPPOIL;OIL;0.253643378167
ES;EXPPSBM;SBM;0.0
ES;IMPPBG;BG;0.0
ES;IMPPCOMB;COMB;0.261360324547
ES;IMPPELEC;ELEC;0.190736075154
ES;IMPPGAS;GAS;0.218732173644
ES;IMPPHEAT;HEAT;0.0
ES;IMPPIW;IW;0.0
ES;IMPPLBF;LBF;0.354382478238
ES;IMPPMW;MW;0.0
ES;IMPPOIL;OIL;0.276444216459
ES;IMPPSBM;SBM;0.0
ES;PRODPBG;Production;0.0832045349804
ES;PRODPCOMB;Production;0.116351101525
ES;PRODPGAS;Production;0.0285435053868
ES;PRODPGEO;Production;0.0
ES;PRODPHYD;Production;0.178099427408
ES;PRODPIW;Production;0.227899255253
ES;PRODPLBF;Production;0.338410780134
ES;PRODPMW;Production;0.103129702791
ES;PRODPNUC;Production;0.127577674287
ES;PRODPOIL;Production;0.271797355721
ES;PRODPOTH_URN;Production;0.0
ES;PRODPPV;Production;0.264308328659
ES;PRODPSBM;Production;0.189880235194
ES;PRODPTID;Production;0.0400830520839
ES;PRODPWD;Production;0.422391708052
